gname,pragma,acutal-perf,predicted-perf,acutal-util-LUT,predicted-util-LUT,acutal-util-FF,predicted-util-FF,acutal-util-DSP,predicted-util-DSP,acutal-util-BRAM,predicted-util-BRAM
3mm,1.0-1.0-1.0-1.0-1.0-1.0-2.0-32.0-1.0-1.0-1.0-1.0-1.0-50.0-100.0-1.0-1.0-1.0-1.0-1.0-1.0,11.626748085021973,1.9304341077804565,0.0,0.07829710096120834,0.0,0.020983442664146423,0.0,0.08476203680038452,0.0,0.03916171193122864
3mm,1.0-1.0-1.0-1.0-1.0-1.0-1.0-2.0-16.0-1.0-1.0-1.0-100.0-1.0-50.0-1.0-1.0-1.0-1.0-1.0-1.0,11.626748085021973,1.654545545578003,0.0,0.07503625005483627,0.0,0.035360559821128845,0.0,0.10824358463287354,0.0,0.02219933271408081
3mm,1.0-1.0-1.0-1.0-1.0-1.0-1.0-16.0-16.0-1.0-1.0-1.0-1.0-50.0-1.0-1.0-1.0-1.0-1.0-1.0-1.0,11.626748085021973,1.5625282526016235,0.0,0.028288088738918304,0.0,0.011360332369804382,0.0,0.010610461235046387,0.0,0.05033928155899048
3mm,1.0-1.0-1.0-1.0-1.0-1.0-1.0-32.0-2.0-1.0-1.0-1.0-1.0-50.0-50.0-1.0-1.0-1.0-1.0-1.0-1.0,11.626748085021973,1.360107421875,0.0,0.03072448819875717,0.0,0.006968483328819275,0.0,0.01785457134246826,0.0,0.0386202335357666
3mm,1.0-1.0-1.0-1.0-1.0-1.0-1.0-2.0-25.0-1.0-1.0-1.0-1.0-1.0-1.0-1.0-1.0-1.0-1.0-1.0-1.0,11.626748085021973,1.3264330625534058,0.03999999910593033,0.038924120366573334,0.009999999776482582,0.00855700671672821,0.0,0.019259393215179443,0.019999999552965164,0.03774741291999817
3mm,1.0-1.0-1.0-1.0-1.0-1.0-1.0-5.0-16.0-1.0-1.0-1.0-1.0-1.0-50.0-1.0-1.0-1.0-1.0-1.0-1.0,11.626748085021973,1.4936652183532715,0.0,0.025507651269435883,0.0,0.010382518172264099,0.0,0.006135284900665283,0.0,0.035055071115493774
3mm,1.0-1.0-1.0-1.0-1.0-1.0-1.0-5.0-1.0-1.0-1.0-1.0-1.0-50.0-100.0-1.0-1.0-1.0-1.0-1.0-1.0,11.626748085021973,1.5979257822036743,0.0,0.07071437686681747,0.0,0.024767085909843445,0.0,0.09379392862319946,0.0,0.036159396171569824
3mm,1.0-1.0-1.0-1.0-1.0-1.0-1.0-10.0-5.0-1.0-1.0-1.0-1.0-50.0-1.0-1.0-1.0-1.0-1.0-1.0-1.0,11.626748085021973,1.5309135913848877,0.0,0.02045663446187973,0.0,0.009714052081108093,0.0,0.011020362377166748,0.0,0.03297066688537598
3mm,1.0-50.0-1.0-1.0-1.0-1.0-1.0-1.0-1.0-100.0-1.0-1.0-1.0-1.0-1.0-1.0-1.0-1.0-1.0-1.0-1.0,11.626748085021973,1.8544491529464722,2.200000047683716,2.2145071029663086,1.409999966621399,1.4365851879119873,4.880000114440918,4.874433517456055,0.38999998569488525,0.31070011854171753
3mm,1.0-1.0-1.0-1.0-1.0-1.0-1.0-2.0-8.0-1.0-1.0-1.0-1.0-1.0-1.0-1.0-1.0-1.0-1.0-1.0-1.0,11.626748085021973,1.2979897260665894,0.019999999552965164,0.02070053666830063,0.0,0.009645208716392517,0.0,-0.005536491516977549,0.029999999329447746,0.02945089340209961
3mm,1.0-1.0-1.0-2.0-1.0-1.0-15.0-1.0-1.0-1.0-1.0-1.0-50.0-100.0-100.0-1.0-1.0-1.0-1.0-1.0-1.0,11.626748085021973,2.911310911178589,0.11999999731779099,0.126735657453537,0.05999999865889549,0.05158786475658417,0.12999999523162842,0.1310216188430786,0.03999999910593033,0.033009499311447144
3mm,1.0-1.0-1.0-1.0-1.0-1.0-1.0-80.0-4.0-1.0-1.0-1.0-1.0-1.0-1.0-1.0-1.0-1.0-1.0-1.0-1.0,11.626748085021973,1.7073290348052979,0.09000000357627869,0.10154982656240463,0.03999999910593033,0.03597460687160492,0.12999999523162842,0.12807631492614746,0.019999999552965164,0.0274965763092041
3mm,1.0-1.0-1.0-1.0-1.0-1.0-2.0-1.0-32.0-1.0-1.0-1.0-1.0-1.0-50.0-1.0-1.0-1.0-1.0-1.0-1.0,11.626748085021973,1.137954592704773,0.0,0.043831966817379,0.0,0.006470546126365662,0.0,0.018633902072906494,0.0,0.03356930613517761
3mm,1.0-1.0-1.0-1.0-1.0-1.0-1.0-8.0-2.0-100.0-1.0-1.0-1.0-1.0-1.0-1.0-1.0-1.0-1.0-1.0-1.0,11.626748085021973,1.9088786840438843,2.109999895095825,2.115069627761841,1.3700000047683716,1.380069375038147,4.800000190734863,4.802160263061523,0.029999999329447746,0.024407774209976196
3mm,1.0-1.0-1.0-1.0-1.0-1.0-1.0-2.0-32.0-1.0-1.0-1.0-100.0-1.0-1.0-1.0-1.0-1.0-1.0-1.0-1.0,11.626748085021973,1.7684178352355957,0.10000000149011612,0.11041118949651718,0.03999999910593033,0.04144357144832611,0.09000000357627869,0.08997440338134766,0.019999999552965164,0.021343082189559937
3mm,1.0-4.0-1.0-1.0-1.0-1.0-1.0-1.0-1.0-100.0-1.0-1.0-1.0-1.0-1.0-1.0-1.0-1.0-1.0-1.0-1.0,11.626748085021973,1.3227125406265259,0.0,2.529329776763916,0.0,1.6114501953125,0.0,4.916816711425781,0.0,0.03646811842918396
3mm,1.0-1.0-1.0-1.0-1.0-1.0-1.0-1.0-5.0-100.0-1.0-1.0-1.0-1.0-1.0-1.0-1.0-1.0-1.0-1.0-1.0,11.626748085021973,1.2414056062698364,2.109999895095825,2.1071102619171143,1.3700000047683716,1.3752609491348267,4.800000190734863,4.806676864624023,0.019999999552965164,0.029978960752487183
3mm,1.0-1.0-1.0-1.0-1.0-1.0-1.0-1.0-5.0-1.0-1.0-1.0-1.0-1.0-50.0-1.0-1.0-1.0-1.0-1.0-1.0,11.626748085021973,1.0287359952926636,0.0,0.012967310845851898,0.0,0.005011424422264099,0.0,-0.01355720218271017,0.0,0.027051687240600586
3mm,1.0-1.0-1.0-1.0-1.0-1.0-1.0-10.0-50.0-1.0-1.0-1.0-1.0-50.0-1.0-1.0-1.0-1.0-1.0-1.0-1.0,11.626748085021973,1.705065131187439,0.0,0.06191518157720566,0.0,0.01393859088420868,0.0,0.07415145635604858,0.0,0.029143184423446655
3mm,1.0-1.0-1.0-2.0-1.0-1.0-10.0-1.0-32.0-1.0-1.0-1.0-50.0-100.0-50.0-1.0-1.0-1.0-1.0-1.0-1.0,11.626748085021973,2.8984766006469727,0.0,0.10974737256765366,0.0,0.05525289475917816,0.0,0.12569528818130493,0.0,0.031515032052993774
3mm,1.0-1.0-1.0-1.0-1.0-1.0-1.0-16.0-8.0-1.0-1.0-1.0-1.0-50.0-1.0-1.0-1.0-1.0-1.0-1.0-1.0,11.626748085021973,1.5721358060836792,0.0,0.022905074059963226,0.0,0.010427996516227722,0.0,0.009776592254638672,0.0,0.045514822006225586
3mm,1.0-8.0-1.0-1.0-1.0-1.0-1.0-1.0-1.0-100.0-1.0-1.0-1.0-1.0-1.0-1.0-1.0-1.0-1.0-1.0-1.0,11.626748085021973,1.3115187883377075,0.0,2.378915309906006,0.0,1.530530571937561,0.0,4.6942644119262695,0.0,0.01095530390739441
3mm,1.0-8.0-1.0-2.0-2.0-2.0-16.0-1.0-1.0-1.0-1.0-1.0-50.0-100.0-100.0-1.0-1.0-1.0-1.0-1.0-1.0,11.626748085021973,2.873757839202881,0.0,0.7161520719528198,0.0,0.43087130784988403,0.0,1.4623010158538818,0.0,0.040168583393096924
3mm,1.0-1.0-1.0-1.0-1.0-1.0-1.0-8.0-32.0-1.0-1.0-1.0-1.0-50.0-50.0-1.0-1.0-1.0-1.0-1.0-1.0,11.626748085021973,1.5209251642227173,0.0,0.04558839648962021,0.0,0.010224148631095886,0.0,0.015154719352722168,0.0,0.03535526990890503
3mm,1.0-1.0-1.0-1.0-1.0-1.0-1.0-32.0-32.0-1.0-1.0-1.0-1.0-1.0-1.0-1.0-1.0-1.0-1.0-1.0-1.0,11.626748085021973,1.4167836904525757,0.05999999865889549,0.04967602342367172,0.019999999552965164,0.012819990515708923,0.03999999910593033,0.025320589542388916,0.05999999865889549,0.03613001108169556
3mm,1.0-1.0-1.0-1.0-1.0-1.0-2.0-4.0-1.0-1.0-1.0-1.0-1.0-1.0-50.0-1.0-1.0-1.0-1.0-1.0-1.0,11.626748085021973,1.3451684713363647,0.0,0.013452492654323578,0.0,0.006901070475578308,0.0,-0.002018557395786047,0.0,0.028646379709243774
3mm,1.0-1.0-1.0-1.0-1.0-1.0-1.0-32.0-16.0-1.0-1.0-1.0-1.0-1.0-50.0-1.0-1.0-1.0-1.0-1.0-1.0,11.626748085021973,1.5196067094802856,0.0,0.03852172940969467,0.0,0.009626790881156921,0.0,0.020392537117004395,0.0,0.043769121170043945
3mm,1.0-1.0-1.0-1.0-1.0-1.0-2.0-1.0-2.0-1.0-100.0-1.0-1.0-1.0-1.0-1.0-1.0-1.0-1.0-1.0-1.0,11.626748085021973,1.2151507139205933,0.0,2.453526496887207,0.0,1.6989808082580566,0.0,5.984875679016113,0.0,0.01712900400161743
3mm,1.0-1.0-1.0-1.0-1.0-1.0-1.0-1.0-1.0-1.0-100.0-1.0-1.0-1.0-1.0-1.0-1.0-1.0-1.0-1.0-4.0,11.626748085021973,0.9283932447433472,0.0,2.3592817783355713,0.0,1.7098621129989624,0.0,5.549180030822754,0.0,0.012677878141403198
3mm,1.0-1.0-1.0-1.0-1.0-1.0-1.0-1.0-50.0-1.0-1.0-1.0-1.0-1.0-50.0-1.0-1.0-1.0-1.0-1.0-1.0,11.626748085021973,1.0553205013275146,0.07000000029802322,0.059840522706508636,0.029999999329447746,0.00708065927028656,0.07999999821186066,0.06886100769042969,0.019999999552965164,0.026323258876800537
3mm,1.0-1.0-1.0-1.0-1.0-1.0-30.0-1.0-50.0-1.0-1.0-1.0-1.0-100.0-50.0-1.0-1.0-1.0-1.0-1.0-1.0,11.626748085021973,3.1330273151397705,0.11999999731779099,0.10973133891820908,0.05999999865889549,0.04702399671077728,0.11999999731779099,0.07673978805541992,0.029999999329447746,0.020765066146850586
3mm,1.0-1.0-1.0-1.0-1.0-1.0-1.0-1.0-1.0-100.0-1.0-1.0-1.0-1.0-1.0-1.0-1.0-1.0-1.0-1.0-2.0,11.626748085021973,0.8446441292762756,0.0,2.0011134147644043,0.0,1.3435657024383545,0.0,4.862574577331543,0.0,0.009550154209136963
3mm,1.0-1.0-1.0-1.0-1.0-1.0-1.0-16.0-4.0-1.0-1.0-1.0-1.0-1.0-1.0-1.0-1.0-1.0-1.0-1.0-1.0,11.626748085021973,1.5359302759170532,0.019999999552965164,0.02048405259847641,0.0,0.01025746762752533,0.0,0.01165151596069336,0.05000000074505806,0.04324817657470703
3mm,1.0-1.0-1.0-1.0-1.0-1.0-1.0-4.0-1.0-1.0-1.0-1.0-1.0-50.0-100.0-1.0-1.0-1.0-1.0-1.0-1.0,11.626748085021973,1.5538262128829956,0.0,0.07101299613714218,0.0,0.025496706366539,0.0,0.09058189392089844,0.0,0.035645365715026855
3mm,1.0-1.0-1.0-1.0-1.0-1.0-1.0-4.0-5.0-1.0-1.0-1.0-1.0-50.0-50.0-1.0-1.0-1.0-1.0-1.0-1.0,11.626748085021973,1.4170652627944946,0.0,0.017658375203609467,0.0,0.008841678500175476,0.0,0.011033296585083008,0.0,0.029417037963867188
3mm,8.0-1.0-1.0-2.0-2.0-1.0-16.0-1.0-32.0-1.0-1.0-1.0-50.0-100.0-1.0-1.0-1.0-1.0-1.0-1.0-1.0,11.626748085021973,2.9223575592041016,0.0,0.24608206748962402,0.0,0.12179730832576752,0.0,0.24435114860534668,0.0,0.025765806436538696
3mm,1.0-1.0-1.0-1.0-1.0-1.0-2.0-16.0-50.0-1.0-1.0-1.0-1.0-50.0-1.0-1.0-1.0-1.0-1.0-1.0-1.0,11.626748085021973,1.9750593900680542,0.0,0.05234982818365097,0.0,0.016009613871574402,0.0,0.06985056400299072,0.0,0.034068942070007324
3mm,1.0-1.0-1.0-1.0-1.0-1.0-2.0-5.0-25.0-1.0-1.0-1.0-1.0-50.0-1.0-1.0-1.0-1.0-1.0-1.0-1.0,11.626748085021973,1.6825499534606934,0.0,0.038432084023952484,0.0,0.01144479215145111,0.0,0.015124619007110596,0.0,0.04474139213562012
3mm,1.0-1.0-1.0-1.0-1.0-1.0-2.0-2.0-2.0-1.0-1.0-1.0-1.0-1.0-50.0-1.0-1.0-1.0-1.0-1.0-1.0,11.626748085021973,1.3375499248504639,0.0,0.027295731008052826,0.0,0.009039804339408875,0.0,-0.005923657212406397,0.0,0.0296403169631958
3mm,1.0-1.0-1.0-1.0-1.0-1.0-2.0-1.0-8.0-1.0-100.0-1.0-1.0-1.0-1.0-1.0-1.0-1.0-1.0-1.0-1.0,11.626748085021973,1.4030861854553223,0.0,2.497295379638672,0.0,1.7283776998519897,0.0,5.9325151443481445,0.0,0.017012596130371094
3mm,1.0-1.0-1.0-2.0-1.0-1.0-16.0-1.0-1.0-1.0-50.0-1.0-50.0-100.0-100.0-40.0-50.0-40.0-1.0-1.0-1.0,11.626748085021973,2.8999075889587402,0.0,0.13076403737068176,0.0,0.05159769952297211,0.0,0.13067805767059326,0.0,0.03307521343231201
3mm,1.0-2.0-4.0-2.0-1.0-2.0-16.0-1.0-1.0-1.0-1.0-1.0-50.0-100.0-100.0-40.0-1.0-1.0-1.0-70.0-1.0,11.626748085021973,2.760631799697876,0.4000000059604645,0.4028816223144531,0.23000000417232513,0.22230766713619232,0.7900000214576721,0.7825040817260742,0.03999999910593033,0.045827507972717285
3mm,1.0-1.0-1.0-1.0-1.0-1.0-1.0-5.0-5.0-1.0-1.0-1.0-1.0-1.0-1.0-1.0-1.0-1.0-1.0-1.0-1.0,11.626748085021973,1.447115421295166,0.009999999776482582,0.01230677217245102,0.0,0.009340628981590271,0.0,0.009166181087493896,0.03999999910593033,0.030281931161880493
3mm,1.0-1.0-1.0-1.0-1.0-1.0-1.0-80.0-16.0-1.0-1.0-1.0-1.0-50.0-50.0-1.0-1.0-1.0-1.0-1.0-1.0,11.626748085021973,1.7350260019302368,0.0,0.10898133367300034,0.0,0.03823600709438324,0.0,0.13300597667694092,0.0,0.02738773822784424
3mm,32.0-1.0-1.0-2.0-1.0-1.0-16.0-1.0-32.0-1.0-1.0-1.0-50.0-100.0-1.0-1.0-1.0-1.0-1.0-1.0-1.0,11.626748085021973,3.0981693267822266,0.0,0.19113591313362122,0.0,0.09338749945163727,0.0,0.14501291513442993,0.0,0.031129300594329834
3mm,20.0-1.0-1.0-2.0-1.0-1.0-16.0-1.0-32.0-1.0-1.0-1.0-50.0-100.0-1.0-1.0-1.0-1.0-1.0-1.0-1.0,11.626748085021973,3.0116782188415527,0.0,0.1850552260875702,0.0,0.0903732031583786,0.0,0.16567903757095337,0.0,0.02791738510131836
3mm,1.0-1.0-1.0-16.0-1.0-1.0-4.0-1.0-32.0-1.0-1.0-1.0-1.0-100.0-1.0-1.0-1.0-1.0-1.0-1.0-1.0,11.626748085021973,2.6822218894958496,0.0,0.16323384642601013,0.0,0.08882854878902435,0.0,0.19460469484329224,0.0,0.01907181739807129
3mm,1.0-1.0-1.0-1.0-1.0-1.0-1.0-1.0-1.0-100.0-1.0-50.0-1.0-1.0-1.0-1.0-1.0-1.0-1.0-1.0-1.0,11.626748085021973,1.1281120777130127,0.0,2.2073771953582764,0.0,1.4232960939407349,0.0,4.8319501876831055,0.0,0.0217130184173584
3mm,1.0-1.0-1.0-1.0-1.0-1.0-2.0-1.0-8.0-1.0-1.0-1.0-1.0-50.0-50.0-1.0-1.0-1.0-1.0-1.0-1.0,11.626748085021973,1.1787742376327515,0.0,0.022388599812984467,0.0,0.007539436221122742,0.0,-0.016368133947253227,0.0,0.031202763319015503
3mm,1.0-1.0-1.0-1.0-1.0-1.0-1.0-5.0-2.0-100.0-1.0-1.0-1.0-1.0-50.0-1.0-1.0-1.0-1.0-1.0-1.0,11.626748085021973,1.776300311088562,0.0,2.141592502593994,0.0,1.3954505920410156,0.0,4.7995758056640625,0.0,0.019068151712417603
3mm,1.0-1.0-1.0-1.0-1.0-1.0-1.0-10.0-5.0-1.0-1.0-1.0-1.0-1.0-1.0-1.0-1.0-1.0-1.0-1.0-1.0,11.626748085021973,1.5291657447814941,0.019999999552965164,0.019302628934383392,0.0,0.009742721915245056,0.0,0.011127710342407227,0.029999999329447746,0.03288513422012329
3mm,1.0-1.0-1.0-1.0-1.0-1.0-2.0-16.0-2.0-1.0-1.0-1.0-1.0-1.0-1.0-1.0-1.0-1.0-1.0-1.0-1.0,11.626748085021973,1.644313931465149,0.019999999552965164,0.018664859235286713,0.0,0.010637149214744568,0.0,0.01195138692855835,0.05000000074505806,0.04247725009918213
3mm,1.0-1.0-1.0-1.0-1.0-1.0-6.0-1.0-25.0-1.0-1.0-1.0-1.0-100.0-1.0-1.0-1.0-1.0-1.0-1.0-1.0,11.626748085021973,2.454047679901123,0.11999999731779099,0.10919245332479477,0.05000000074505806,0.0588252991437912,0.11999999731779099,0.13861703872680664,0.019999999552965164,0.03586965799331665
3mm,1.0-1.0-1.0-1.0-1.0-1.0-16.0-1.0-50.0-1.0-1.0-1.0-1.0-100.0-50.0-1.0-1.0-1.0-1.0-1.0-1.0,11.626748085021973,2.977309226989746,0.11999999731779099,0.12573549151420593,0.05999999865889549,0.05821464955806732,0.11999999731779099,0.11744987964630127,0.03999999910593033,0.026774287223815918
3mm,1.0-1.0-1.0-1.0-1.0-1.0-1.0-80.0-50.0-1.0-1.0-1.0-1.0-1.0-50.0-1.0-1.0-1.0-1.0-1.0-1.0,11.626748085021973,2.013366937637329,0.10999999940395355,0.12569990754127502,0.05000000074505806,0.054301366209983826,0.11999999731779099,0.1196061372756958,0.019999999552965164,0.024867981672286987
3mm,1.0-1.0-1.0-1.0-1.0-1.0-1.0-2.0-50.0-1.0-1.0-1.0-1.0-1.0-50.0-1.0-1.0-1.0-1.0-1.0-1.0,11.626748085021973,1.4145921468734741,0.07000000029802322,0.07124628871679306,0.029999999329447746,0.013045594096183777,0.07999999821186066,0.04843538999557495,0.019999999552965164,0.027913570404052734
3mm,1.0-1.0-1.0-1.0-1.0-1.0-1.0-1.0-2.0-100.0-100.0-1.0-1.0-1.0-50.0-1.0-1.0-1.0-1.0-1.0-1.0,11.626748085021973,1.4433022737503052,0.0,2.2161247730255127,0.0,1.6008281707763672,0.0,5.170962333679199,0.0,0.01200607419013977
3mm,1.0-1.0-1.0-1.0-1.0-1.0-1.0-2.0-16.0-1.0-1.0-1.0-1.0-50.0-1.0-1.0-1.0-1.0-1.0-1.0-1.0,11.626748085021973,1.3084681034088135,0.0,0.029471121728420258,0.0,0.01085643470287323,0.0,-0.005445737857371569,0.0,0.03409606218338013
3mm,1.0-1.0-1.0-2.0-2.0-7.0-16.0-1.0-32.0-1.0-1.0-1.0-50.0-100.0-1.0-1.0-1.0-1.0-1.0-1.0-1.0,11.626748085021973,2.868839979171753,0.0,0.30387309193611145,0.0,0.1407625526189804,0.0,0.25141847133636475,0.0,0.02384120225906372
3mm,1.0-1.0-1.0-1.0-1.0-1.0-1.0-5.0-1.0-1.0-1.0-1.0-1.0-1.0-1.0-1.0-1.0-1.0-1.0-1.0-1.0,11.626748085021973,1.2322584390640259,0.009999999776482582,0.0019865259528160095,0.0,0.0045805424451828,0.0,-0.006510074716061354,0.029999999329447746,0.026724189519882202
3mm,1.0-1.0-1.0-1.0-1.0-1.0-1.0-10.0-50.0-1.0-1.0-1.0-1.0-1.0-1.0-1.0-1.0-1.0-1.0-1.0-1.0,11.626748085021973,1.7081451416015625,0.07000000029802322,0.06373091787099838,0.029999999329447746,0.01400195062160492,0.07999999821186066,0.0679863691329956,0.029999999329447746,0.028395503759384155
3mm,1.0-1.0-1.0-1.0-1.0-1.0-2.0-1.0-8.0-1.0-100.0-1.0-1.0-1.0-50.0-1.0-1.0-1.0-1.0-1.0-1.0,11.626748085021973,1.4298477172851562,0.0,2.500516414642334,0.0,1.7820641994476318,0.0,5.888021469116211,0.0,0.016972273588180542
3mm,1.0-1.0-1.0-1.0-1.0-1.0-1.0-32.0-32.0-1.0-1.0-1.0-1.0-1.0-50.0-1.0-1.0-1.0-1.0-1.0-1.0,11.626748085021973,1.4454646110534668,0.0,0.05134149640798569,0.0,0.008704349398612976,0.0,0.02340376377105713,0.0,0.036225974559783936
3mm,1.0-2.0-4.0-2.0-1.0-2.0-16.0-1.0-1.0-1.0-1.0-1.0-50.0-100.0-100.0-40.0-2.0-1.0-1.0-1.0-1.0,11.626748085021973,2.676685094833374,0.0,0.3847302496433258,0.0,0.19419996440410614,0.0,0.7512507438659668,0.0,0.03708326816558838
3mm,1.0-1.0-1.0-1.0-1.0-1.0-2.0-8.0-25.0-1.0-1.0-1.0-1.0-50.0-50.0-1.0-1.0-1.0-1.0-1.0-1.0,11.626748085021973,1.7873648405075073,0.0,0.04057105630636215,0.0,0.010876283049583435,0.0,0.015853166580200195,0.0,0.046620845794677734
3mm,1.0-1.0-1.0-1.0-1.0-1.0-8.0-1.0-50.0-1.0-1.0-1.0-1.0-100.0-50.0-1.0-1.0-1.0-1.0-1.0-1.0,11.626748085021973,2.880329132080078,0.11999999731779099,0.12852808833122253,0.05000000074505806,0.06049780547618866,0.11999999731779099,0.1277010440826416,0.029999999329447746,0.03332236409187317
3mm,1.0-1.0-1.0-1.0-1.0-1.0-2.0-10.0-10.0-1.0-1.0-1.0-1.0-50.0-50.0-1.0-1.0-1.0-1.0-1.0-1.0,11.626748085021973,1.7656723260879517,0.0,0.02555694431066513,0.0,0.010766848921775818,0.0,0.012634634971618652,0.0,0.033602118492126465
3mm,1.0-1.0-1.0-1.0-1.0-1.0-2.0-1.0-32.0-1.0-1.0-1.0-1.0-1.0-1.0-1.0-1.0-1.0-1.0-1.0-1.0,11.626748085021973,1.0774638652801514,0.05000000074505806,0.042994044721126556,0.019999999552965164,0.006128713488578796,0.03999999910593033,0.01685386896133423,0.029999999329447746,0.03368532657623291
3mm,1.0-1.0-1.0-2.0-1.0-1.0-12.0-1.0-1.0-1.0-1.0-1.0-50.0-100.0-100.0-1.0-1.0-1.0-1.0-1.0-1.0,11.626748085021973,2.922457695007324,0.11999999731779099,0.1212163195014,0.05999999865889549,0.051760897040367126,0.12999999523162842,0.13143861293792725,0.029999999329447746,0.032444536685943604
3mm,1.0-1.0-1.0-1.0-1.0-1.0-1.0-32.0-16.0-1.0-1.0-1.0-1.0-1.0-1.0-1.0-1.0-1.0-1.0-1.0-1.0,11.626748085021973,1.4876242876052856,0.029999999329447746,0.03431811183691025,0.009999999776482582,0.01038561761379242,0.019999999552965164,0.020430803298950195,0.07000000029802322,0.0452120304107666
3mm,1.0-1.0-1.0-1.0-1.0-1.0-3.0-1.0-1.0-1.0-1.0-1.0-1.0-100.0-100.0-1.0-1.0-1.0-1.0-1.0-1.0,11.626748085021973,2.5994343757629395,0.11999999731779099,0.11596193164587021,0.05000000074505806,0.050164446234703064,0.11999999731779099,0.10453683137893677,0.019999999552965164,0.02587297558784485
3mm,1.0-1.0-1.0-1.0-1.0-1.0-1.0-5.0-50.0-100.0-1.0-1.0-1.0-1.0-1.0-1.0-1.0-1.0-1.0-1.0-1.0,11.626748085021973,2.257282257080078,2.130000114440918,2.1339948177337646,1.3799999952316284,1.3759392499923706,4.800000190734863,4.81552791595459,0.029999999329447746,0.02029356360435486
3mm,2.0-1.0-1.0-2.0-1.0-1.0-16.0-1.0-32.0-1.0-1.0-1.0-50.0-100.0-1.0-1.0-1.0-1.0-1.0-1.0-1.0,11.626748085021973,2.9311933517456055,0.0,0.10529973357915878,0.0,0.06489406526088715,0.0,0.12033641338348389,0.0,0.023613691329956055
3mm,1.0-2.0-4.0-2.0-1.0-2.0-16.0-1.0-1.0-1.0-50.0-1.0-50.0-100.0-100.0-40.0-1.0-1.0-1.0-70.0-2.0,11.626748085021973,2.8932971954345703,0.0,0.4040279686450958,0.0,0.25331050157546997,0.0,0.6808841228485107,0.0,0.043910443782806396
3mm,1.0-1.0-1.0-2.0-1.0-1.0-15.0-1.0-50.0-1.0-1.0-1.0-50.0-100.0-1.0-1.0-1.0-1.0-1.0-1.0-1.0,11.626748085021973,2.9367523193359375,0.11999999731779099,0.12040265649557114,0.05999999865889549,0.06083361804485321,0.12999999523162842,0.13901746273040771,0.03999999910593033,0.025526434183120728
3mm,1.0-1.0-1.0-1.0-1.0-1.0-1.0-8.0-32.0-1.0-1.0-1.0-1.0-1.0-1.0-1.0-1.0-1.0-1.0-1.0-1.0,11.626748085021973,1.4780281782150269,0.05000000074505806,0.04221519082784653,0.019999999552965164,0.010679885745048523,0.03999999910593033,0.013929486274719238,0.029999999329447746,0.034593671560287476
3mm,1.0-1.0-1.0-1.0-1.0-1.0-1.0-1.0-5.0-100.0-100.0-1.0-1.0-1.0-1.0-1.0-1.0-1.0-1.0-1.0-1.0,11.626748085021973,1.5893317461013794,0.0,2.1606974601745605,0.0,1.5747287273406982,0.0,5.191611289978027,0.0,0.012317627668380737
3mm,1.0-1.0-1.0-2.0-1.0-1.0-16.0-1.0-50.0-1.0-1.0-1.0-1.0-100.0-1.0-1.0-1.0-1.0-1.0-1.0-1.0,11.626748085021973,2.9220452308654785,0.12999999523162842,0.1237841472029686,0.05999999865889549,0.06195501983165741,0.15000000596046448,0.14177298545837402,0.03999999910593033,0.028578579425811768
3mm,1.0-1.0-1.0-1.0-1.0-1.0-2.0-1.0-16.0-1.0-1.0-1.0-1.0-1.0-1.0-1.0-1.0-1.0-1.0-1.0-1.0,11.626748085021973,1.1966079473495483,0.019999999552965164,0.02571912854909897,0.0,0.009349629282951355,0.0,-0.007694411091506481,0.03999999910593033,0.03526502847671509
3mm,1.0-1.0-1.0-1.0-1.0-1.0-2.0-20.0-10.0-1.0-1.0-1.0-1.0-1.0-1.0-1.0-1.0-1.0-1.0-1.0-1.0,11.626748085021973,1.799709677696228,0.019999999552965164,0.028589151799678802,0.009999999776482582,0.011496827006340027,0.0,0.009982705116271973,0.05999999865889549,0.05891987681388855
3mm,1.0-2.0-1.0-2.0-1.0-1.0-16.0-1.0-1.0-50.0-1.0-1.0-50.0-100.0-100.0-40.0-1.0-40.0-1.0-70.0-1.0,11.626748085021973,2.8179500102996826,0.0,0.15813711285591125,0.0,0.06228552758693695,0.0,0.15678048133850098,0.0,0.039002031087875366
3mm,1.0-1.0-1.0-1.0-1.0-1.0-2.0-80.0-4.0-1.0-1.0-1.0-1.0-1.0-1.0-1.0-1.0-1.0-1.0-1.0-1.0,11.626748085021973,1.9643529653549194,0.09000000357627869,0.08443465083837509,0.03999999910593033,0.03922741115093231,0.12999999523162842,0.13249850273132324,0.029999999329447746,0.030915379524230957
3mm,1.0-1.0-1.0-2.0-1.0-1.0-10.0-1.0-50.0-1.0-1.0-1.0-1.0-100.0-50.0-1.0-1.0-1.0-1.0-1.0-1.0,11.626748085021973,2.892803430557251,0.11999999731779099,0.12401267141103745,0.05000000074505806,0.05978952348232269,0.12999999523162842,0.13943028450012207,0.029999999329447746,0.03262278437614441
3mm,1.0-1.0-1.0-1.0-1.0-1.0-1.0-1.0-1.0-100.0-1.0-1.0-1.0-1.0-1.0-1.0-4.0-1.0-1.0-1.0-1.0,11.626748085021973,1.0752999782562256,0.0,2.034071683883667,0.0,1.3354837894439697,0.0,4.720974922180176,0.0,0.02334892749786377
3mm,1.0-1.0-1.0-1.0-1.0-1.0-1.0-1.0-16.0-1.0-1.0-1.0-1.0-100.0-50.0-1.0-1.0-1.0-1.0-1.0-1.0,11.626748085021973,1.7308712005615234,0.0,0.11960067600011826,0.0,0.04808990657329559,0.0,0.12354379892349243,0.0,0.027252286672592163
3mm,1.0-1.0-1.0-1.0-1.0-1.0-1.0-4.0-25.0-1.0-1.0-1.0-100.0-1.0-1.0-1.0-1.0-1.0-1.0-1.0-1.0,11.626748085021973,2.0341970920562744,0.10000000149011612,0.08394785970449448,0.03999999910593033,0.03531812131404877,0.09000000357627869,0.11735856533050537,0.029999999329447746,0.023015767335891724
3mm,1.0-1.0-1.0-1.0-1.0-1.0-1.0-32.0-50.0-1.0-1.0-1.0-1.0-1.0-50.0-1.0-1.0-1.0-1.0-1.0-1.0,11.626748085021973,1.679103970527649,0.07999999821186066,0.07015737146139145,0.029999999329447746,0.01210068166255951,0.07999999821186066,0.08506637811660767,0.05999999865889549,0.028836995363235474
3mm,1.0-1.0-1.0-1.0-1.0-1.0-2.0-32.0-5.0-1.0-1.0-1.0-1.0-50.0-50.0-1.0-1.0-1.0-1.0-1.0-1.0,11.626748085021973,1.666177749633789,0.0,0.02491506189107895,0.0,0.009693607687950134,0.0,0.01514899730682373,0.0,0.0458659827709198
3mm,1.0-2.0-4.0-2.0-1.0-1.0-16.0-1.0-1.0-1.0-1.0-50.0-50.0-100.0-100.0-40.0-4.0-1.0-1.0-1.0-70.0,11.626748085021973,2.768552303314209,0.0,0.13727769255638123,0.0,0.09311459958553314,0.0,0.25914931297302246,0.0,0.035167574882507324
3mm,1.0-1.0-1.0-1.0-1.0-1.0-1.0-80.0-25.0-1.0-1.0-1.0-1.0-1.0-1.0-1.0-1.0-1.0-1.0-1.0-1.0,11.626748085021973,1.8284190893173218,0.10999999940395355,0.12013258785009384,0.05000000074505806,0.04357181489467621,0.11999999731779099,0.10248124599456787,0.019999999552965164,0.030599892139434814
3mm,20.0-2.0-4.0-2.0-2.0-2.0-16.0-1.0-1.0-1.0-1.0-1.0-50.0-100.0-100.0-1.0-1.0-1.0-1.0-1.0-1.0,11.626748085021973,2.8043770790100098,0.0,0.6780375242233276,0.0,0.2888106107711792,0.0,1.0469948053359985,0.0,0.050073087215423584
3mm,1.0-1.0-1.0-1.0-1.0-1.0-1.0-10.0-1.0-1.0-1.0-1.0-1.0-1.0-50.0-1.0-1.0-1.0-1.0-1.0-1.0,11.626748085021973,1.2914254665374756,0.0,0.014727018773555756,0.0,0.0058937519788742065,0.0,-0.0008005273994058371,0.0,0.02616545557975769
3mm,1.0-1.0-1.0-1.0-1.0-1.0-1.0-1.0-1.0-100.0-1.0-1.0-1.0-1.0-1.0-2.0-1.0-1.0-1.0-1.0-1.0,11.626748085021973,1.0739692449569702,1.2000000476837158,1.1964900493621826,1.0700000524520874,1.0827986001968384,4.119999885559082,4.19156551361084,0.019999999552965164,0.014545023441314697
3mm,1.0-1.0-1.0-2.0-1.0-1.0-30.0-1.0-32.0-1.0-1.0-1.0-1.0-100.0-50.0-1.0-1.0-1.0-1.0-1.0-1.0,11.626748085021973,3.222532033920288,0.0,0.12351884692907333,0.0,0.057388052344322205,0.0,0.09161806106567383,0.0,0.021657109260559082
3mm,1.0-1.0-1.0-1.0-1.0-1.0-1.0-4.0-32.0-100.0-1.0-1.0-1.0-1.0-50.0-1.0-1.0-1.0-1.0-1.0-1.0,11.626748085021973,2.127161741256714,0.0,2.1189680099487305,0.0,1.395329236984253,0.0,4.812949180603027,0.0,0.013079524040222168
3mm,1.0-1.0-1.0-1.0-1.0-1.0-2.0-16.0-4.0-1.0-1.0-1.0-1.0-50.0-50.0-1.0-1.0-1.0-1.0-1.0-1.0,11.626748085021973,1.7343875169754028,0.0,0.023882649838924408,0.0,0.010938212275505066,0.0,0.011528611183166504,0.0,0.04742807149887085
3mm,1.0-1.0-1.0-1.0-1.0-1.0-1.0-10.0-16.0-1.0-1.0-1.0-1.0-50.0-50.0-1.0-1.0-1.0-1.0-1.0-1.0,11.626748085021973,1.5661216974258423,0.0,0.03131379932165146,0.0,0.010433301329612732,0.0,0.011172771453857422,0.0,0.03607439994812012
3mm,1.0-1.0-1.0-1.0-1.0-1.0-1.0-8.0-2.0-1.0-1.0-1.0-1.0-1.0-50.0-1.0-1.0-1.0-1.0-1.0-1.0,11.626748085021973,1.4266530275344849,0.0,0.017165623605251312,0.0,0.007993683218955994,0.0,0.002512335777282715,0.0,0.029147446155548096
3mm,1.0-1.0-1.0-1.0-1.0-1.0-1.0-5.0-2.0-1.0-1.0-1.0-1.0-50.0-1.0-1.0-1.0-1.0-1.0-1.0-1.0,11.626748085021973,1.3612221479415894,0.0,0.012549899518489838,0.0,0.007810816168785095,0.0,0.0014729499816894531,0.0,0.029053866863250732
3mm,1.0-1.0-1.0-2.0-1.0-1.0-10.0-1.0-1.0-1.0-1.0-1.0-50.0-100.0-100.0-1.0-1.0-1.0-1.0-1.0-1.0,11.626748085021973,2.8820886611938477,0.11999999731779099,0.11949940770864487,0.05000000074505806,0.05224232375621796,0.12999999523162842,0.13195037841796875,0.029999999329447746,0.03364461660385132
3mm,1.0-1.0-1.0-1.0-1.0-4.0-1.0-1.0-8.0-100.0-100.0-1.0-1.0-1.0-1.0-1.0-1.0-1.0-1.0-1.0-1.0,11.626748085021973,1.7819933891296387,0.0,2.465031147003174,0.0,1.604721188545227,0.0,5.185059547424316,0.0,0.01036137342453003
3mm,1.0-1.0-1.0-1.0-1.0-1.0-2.0-1.0-1.0-1.0-1.0-1.0-1.0-50.0-1.0-1.0-1.0-1.0-1.0-1.0-1.0,11.626748085021973,1.0141798257827759,0.0,0.007532618939876556,0.0,0.0023605674505233765,0.0,-0.01622389629483223,0.0,0.027480274438858032
3mm,10.0-2.0-4.0-2.0-2.0-2.0-16.0-1.0-1.0-1.0-1.0-1.0-50.0-100.0-100.0-1.0-1.0-1.0-1.0-1.0-1.0,11.626748085021973,2.965529441833496,0.0,0.567907452583313,0.0,0.32541894912719727,0.0,1.4247123003005981,0.0,0.03695186972618103
3mm,1.0-1.0-1.0-2.0-1.0-2.0-16.0-1.0-1.0-1.0-1.0-1.0-50.0-100.0-100.0-40.0-50.0-40.0-1.0-1.0-1.0,11.626748085021973,2.833094596862793,0.14000000059604645,0.17468759417533875,0.07000000029802322,0.09775941073894501,0.18000000715255737,0.2504955530166626,0.03999999910593033,0.035715699195861816
3mm,1.0-1.0-1.0-1.0-1.0-1.0-1.0-1.0-1.0-100.0-1.0-1.0-1.0-1.0-1.0-1.0-1.0-2.0-1.0-1.0-1.0,11.626748085021973,1.098773717880249,0.0,2.074946165084839,0.0,1.3620505332946777,0.0,4.761788368225098,0.0,0.024417996406555176
3mm,1.0-1.0-1.0-1.0-1.0-1.0-1.0-1.0-1.0-100.0-1.0-1.0-1.0-50.0-1.0-1.0-1.0-1.0-1.0-1.0-1.0,11.626748085021973,1.0916469097137451,0.0,2.1203365325927734,0.0,1.36874520778656,0.0,4.786198616027832,0.0,0.027558565139770508
3mm,1.0-1.0-1.0-1.0-1.0-10.0-1.0-1.0-1.0-100.0-100.0-1.0-1.0-1.0-1.0-1.0-1.0-1.0-1.0-1.0-1.0,11.626748085021973,1.3510310649871826,0.0,2.0894951820373535,0.0,1.364519476890564,0.0,4.983808517456055,0.0,0.008234232664108276
3mm,1.0-1.0-1.0-1.0-1.0-1.0-1.0-5.0-8.0-100.0-1.0-1.0-1.0-1.0-1.0-1.0-1.0-1.0-1.0-1.0-1.0,11.626748085021973,1.970268964767456,2.109999895095825,2.0970287322998047,1.3799999952316284,1.3836028575897217,4.800000190734863,4.806488990783691,0.029999999329447746,0.026213228702545166
3mm,1.0-1.0-1.0-1.0-1.0-1.0-1.0-20.0-8.0-1.0-1.0-1.0-1.0-50.0-1.0-1.0-1.0-1.0-1.0-1.0-1.0,11.626748085021973,1.5776745080947876,0.0,0.026305995881557465,0.0,0.01041613519191742,0.0,0.007709205150604248,0.0,0.05479705333709717
3mm,1.0-1.0-1.0-1.0-1.0-1.0-12.0-1.0-50.0-1.0-1.0-1.0-1.0-100.0-1.0-1.0-1.0-1.0-1.0-1.0-1.0,11.626748085021973,3.009673595428467,0.11999999731779099,0.11717119067907333,0.05000000074505806,0.06010828912258148,0.11999999731779099,0.12178623676300049,0.029999999329447746,0.02638229727745056
3mm,20.0-1.0-1.0-2.0-2.0-2.0-16.0-1.0-1.0-1.0-1.0-1.0-50.0-100.0-100.0-1.0-1.0-1.0-1.0-1.0-1.0,11.626748085021973,2.892223358154297,0.0,0.32300636172294617,0.0,0.15690003335475922,0.0,0.37630146741867065,0.0,0.041999995708465576
3mm,1.0-1.0-1.0-1.0-1.0-1.0-1.0-1.0-32.0-1.0-1.0-1.0-1.0-50.0-50.0-1.0-1.0-1.0-1.0-1.0-1.0,11.626748085021973,1.0309137105941772,0.0,0.04172983020544052,0.0,0.004268333315849304,0.0,0.019322752952575684,0.0,0.0322207510471344
3mm,8.0-1.0-1.0-2.0-2.0-2.0-16.0-1.0-1.0-1.0-1.0-1.0-50.0-100.0-100.0-1.0-1.0-1.0-1.0-1.0-1.0,11.626748085021973,2.8201565742492676,0.0,0.32417210936546326,0.0,0.17832790315151215,0.0,0.5177028179168701,0.0,0.030391424894332886
3mm,1.0-2.0-4.0-2.0-2.0-2.0-16.0-1.0-1.0-1.0-50.0-1.0-50.0-100.0-100.0-1.0-1.0-1.0-1.0-1.0-1.0,11.626748085021973,2.794086456298828,0.0,0.4669964015483856,0.0,0.2556171417236328,0.0,0.7432272434234619,0.0,0.04409646987915039
3mm,1.0-1.0-4.0-2.0-1.0-2.0-16.0-1.0-1.0-1.0-50.0-1.0-50.0-100.0-100.0-40.0-50.0-2.0-1.0-1.0-1.0,11.626748085021973,2.6318936347961426,0.0,0.3746681213378906,0.0,0.1730612963438034,0.0,0.6775742769241333,0.0,0.03789821267127991
3mm,16.0-1.0-1.0-2.0-2.0-1.0-16.0-1.0-1.0-1.0-1.0-1.0-50.0-100.0-100.0-1.0-1.0-1.0-1.0-1.0-1.0,11.626748085021973,2.9342548847198486,0.0,0.17612513899803162,0.0,0.09462366998195648,0.0,0.17206978797912598,0.0,0.036578625440597534
3mm,1.0-1.0-1.0-1.0-1.0-1.0-1.0-8.0-4.0-100.0-1.0-1.0-1.0-1.0-1.0-1.0-1.0-1.0-1.0-1.0-1.0,11.626748085021973,1.990185260772705,2.109999895095825,2.110100746154785,1.3700000047683716,1.3801485300064087,4.800000190734863,4.805080413818359,0.029999999329447746,0.02310919761657715
3mm,1.0-1.0-1.0-1.0-1.0-1.0-1.0-5.0-2.0-1.0-1.0-1.0-1.0-1.0-1.0-1.0-1.0-1.0-1.0-1.0-1.0,11.626748085021973,1.3609267473220825,0.009999999776482582,0.010316990315914154,0.0,0.007765814661979675,0.0,-0.001361396163702011,0.029999999329447746,0.028619229793548584
3mm,1.0-1.0-1.0-1.0-1.0-10.0-1.0-1.0-1.0-100.0-1.0-1.0-1.0-1.0-1.0-1.0-1.0-1.0-1.0-1.0-1.0,11.626748085021973,1.020635962486267,0.0,1.7381705045700073,0.0,1.3616489171981812,0.0,4.593536376953125,0.0,0.0108870267868042
3mm,1.0-1.0-1.0-1.0-1.0-1.0-1.0-10.0-32.0-1.0-1.0-1.0-1.0-1.0-50.0-1.0-1.0-1.0-1.0-1.0-1.0,11.626748085021973,1.5256446599960327,0.0,0.04796316474676132,0.0,0.010319933295249939,0.0,0.014696955680847168,0.0,0.032621145248413086
3mm,1.0-1.0-1.0-1.0-1.0-1.0-1.0-1.0-8.0-1.0-1.0-1.0-100.0-1.0-50.0-1.0-1.0-1.0-1.0-1.0-1.0,11.626748085021973,1.3240424394607544,0.0,0.05687519162893295,0.0,0.032473668456077576,0.0,0.1001962423324585,0.0,0.020941972732543945
3mm,1.0-1.0-1.0-1.0-1.0-1.0-2.0-8.0-25.0-1.0-1.0-1.0-1.0-50.0-1.0-1.0-1.0-1.0-1.0-1.0-1.0,11.626748085021973,1.7668079137802124,0.0,0.03705432265996933,0.0,0.011492356657981873,0.0,0.014798521995544434,0.0,0.04702159762382507
3mm,1.0-1.0-1.0-1.0-1.0-1.0-2.0-8.0-25.0-1.0-1.0-1.0-1.0-1.0-50.0-1.0-1.0-1.0-1.0-1.0-1.0,11.626748085021973,1.804282307624817,0.0,0.040851496160030365,0.0,0.010892197489738464,0.0,0.016846060752868652,0.0,0.046515464782714844
3mm,1.0-1.0-1.0-1.0-1.0-1.0-2.0-1.0-10.0-1.0-1.0-1.0-1.0-50.0-50.0-1.0-1.0-1.0-1.0-1.0-1.0,11.626748085021973,1.1895058155059814,0.0,0.023142121732234955,0.0,0.007577821612358093,0.0,-0.020173167809844017,0.0,0.031547874212265015
3mm,1.0-1.0-1.0-1.0-1.0-1.0-1.0-1.0-1.0-100.0-100.0-1.0-1.0-1.0-1.0-8.0-1.0-1.0-1.0-1.0-1.0,11.626748085021973,1.6383533477783203,0.0,1.4140076637268066,0.0,1.2186869382858276,0.0,4.7026238441467285,0.0,0.00534433126449585
3mm,1.0-1.0-1.0-1.0-1.0-1.0-1.0-1.0-1.0-100.0-1.0-1.0-1.0-1.0-1.0-1.0-1.0-1.0-1.0-4.0-1.0,11.626748085021973,1.1494051218032837,0.0,2.168901205062866,0.0,1.3639196157455444,0.0,4.726158142089844,0.0,0.010380804538726807
3mm,1.0-1.0-1.0-1.0-1.0-1.0-1.0-1.0-2.0-100.0-100.0-1.0-1.0-1.0-1.0-1.0-1.0-1.0-1.0-1.0-1.0,11.626748085021973,1.53450345993042,0.0,2.1572418212890625,0.0,1.5710870027542114,0.0,5.197239875793457,0.0,0.01348373293876648
3mm,1.0-1.0-1.0-1.0-1.0-1.0-1.0-5.0-10.0-1.0-1.0-1.0-1.0-50.0-50.0-1.0-1.0-1.0-1.0-1.0-1.0,11.626748085021973,1.483235239982605,0.0,0.02109517902135849,0.0,0.00940541923046112,0.0,0.004222571849822998,0.0,0.03143268823623657
3mm,1.0-1.0-1.0-1.0-1.0-1.0-2.0-32.0-1.0-1.0-1.0-1.0-1.0-1.0-50.0-1.0-1.0-1.0-1.0-1.0-1.0,11.626748085021973,1.3893369436264038,0.0,0.02889319509267807,0.0,0.006657764315605164,0.0,0.018669307231903076,0.0,0.03836926817893982
3mm,1.0-2.0-4.0-2.0-2.0-2.0-16.0-1.0-1.0-1.0-1.0-1.0-50.0-100.0-100.0-1.0-1.0-1.0-4.0-1.0-1.0,11.626748085021973,2.7206363677978516,0.0,0.44692662358283997,0.0,0.24328051507472992,0.0,0.771525502204895,0.0,0.04276999831199646
3mm,1.0-1.0-1.0-1.0-1.0-1.0-4.0-1.0-16.0-1.0-1.0-1.0-1.0-100.0-50.0-1.0-1.0-1.0-1.0-1.0-1.0,11.626748085021973,2.2243869304656982,0.0,0.1066255196928978,0.0,0.04942743480205536,0.0,0.12436002492904663,0.0,0.032258033752441406
3mm,1.0-1.0-1.0-1.0-1.0-1.0-1.0-80.0-16.0-1.0-1.0-1.0-1.0-1.0-1.0-1.0-1.0-1.0-1.0-1.0-1.0,11.626748085021973,1.767806887626648,0.09000000357627869,0.10785015672445297,0.05000000074505806,0.042109593749046326,0.11999999731779099,0.11591243743896484,0.029999999329447746,0.02778652310371399
3mm,1.0-1.0-1.0-1.0-1.0-1.0-1.0-5.0-10.0-1.0-1.0-1.0-1.0-50.0-1.0-1.0-1.0-1.0-1.0-1.0-1.0,11.626748085021973,1.4833766222000122,0.0,0.017506740987300873,0.0,0.009730264544487,0.0,0.0021326541900634766,0.0,0.03173494338989258
3mm,1.0-1.0-1.0-1.0-1.0-1.0-2.0-5.0-4.0-1.0-1.0-1.0-1.0-1.0-1.0-1.0-1.0-1.0-1.0-1.0-1.0,11.626748085021973,1.5971674919128418,0.009999999776482582,0.017694316804409027,0.0,0.010903522372245789,0.0,0.012985944747924805,0.03999999910593033,0.03420358896255493
3mm,1.0-1.0-1.0-1.0-1.0-1.0-5.0-1.0-32.0-1.0-1.0-1.0-1.0-100.0-1.0-1.0-1.0-1.0-1.0-1.0-1.0,11.626748085021973,2.823218822479248,0.11999999731779099,0.11253931373357773,0.05000000074505806,0.060594841837882996,0.11999999731779099,0.11068761348724365,0.029999999329447746,0.027547895908355713
3mm,1.0-1.0-1.0-1.0-1.0-1.0-1.0-16.0-32.0-1.0-1.0-1.0-1.0-50.0-1.0-1.0-1.0-1.0-1.0-1.0-1.0,11.626748085021973,1.4983915090560913,0.0,0.043840132653713226,0.0,0.01162777841091156,0.0,0.011190533638000488,0.0,0.041213393211364746
3mm,1.0-1.0-1.0-1.0-1.0-1.0-2.0-32.0-4.0-1.0-1.0-1.0-1.0-1.0-1.0-1.0-1.0-1.0-1.0-1.0-1.0,11.626748085021973,1.6052862405776978,0.029999999329447746,0.023975037038326263,0.009999999776482582,0.010229334235191345,0.019999999552965164,0.015965819358825684,0.07000000029802322,0.04454678297042847
3mm,1.0-1.0-1.0-1.0-1.0-1.0-2.0-2.0-4.0-1.0-1.0-1.0-1.0-1.0-50.0-1.0-1.0-1.0-1.0-1.0-1.0,11.626748085021973,1.4046703577041626,0.0,0.02890589088201523,0.0,0.010490760207176208,0.0,0.006295502185821533,0.0,0.030532032251358032
3mm,1.0-1.0-1.0-1.0-1.0-1.0-2.0-20.0-4.0-1.0-1.0-1.0-1.0-1.0-50.0-1.0-1.0-1.0-1.0-1.0-1.0,11.626748085021973,1.7650357484817505,0.0,0.02876516431570053,0.0,0.010750040411949158,0.0,0.012168645858764648,0.0,0.05652478337287903
3mm,1.0-1.0-1.0-1.0-1.0-1.0-1.0-5.0-1.0-100.0-1.0-1.0-1.0-1.0-1.0-1.0-1.0-1.0-1.0-1.0-1.0,11.626748085021973,1.5836180448532104,2.109999895095825,2.103742837905884,1.3700000047683716,1.370682954788208,4.800000190734863,4.798628807067871,0.029999999329447746,0.021344274282455444
3mm,1.0-1.0-4.0-2.0-1.0-2.0-16.0-1.0-1.0-1.0-1.0-50.0-50.0-100.0-100.0-40.0-50.0-1.0-1.0-1.0-1.0,11.626748085021973,2.7532222270965576,0.0,0.4142354428768158,0.0,0.19878734648227692,0.0,0.6028264164924622,0.0,0.03606069087982178
3mm,1.0-1.0-1.0-2.0-1.0-1.0-30.0-1.0-32.0-1.0-1.0-1.0-1.0-100.0-1.0-1.0-1.0-1.0-1.0-1.0-1.0,11.626748085021973,3.2770471572875977,0.12999999523162842,0.14263620972633362,0.05999999865889549,0.0743541568517685,0.12999999523162842,0.10996568202972412,0.029999999329447746,0.02204030752182007
3mm,1.0-1.0-1.0-1.0-1.0-1.0-2.0-8.0-8.0-1.0-1.0-1.0-1.0-1.0-50.0-1.0-1.0-1.0-1.0-1.0-1.0,11.626748085021973,1.7584989070892334,0.0,0.02387436479330063,0.0,0.011340782046318054,0.0,0.013247132301330566,0.0,0.036158353090286255
3mm,1.0-1.0-1.0-1.0-1.0-1.0-2.0-32.0-10.0-1.0-1.0-1.0-1.0-1.0-1.0-1.0-1.0-1.0-1.0-1.0-1.0,11.626748085021973,1.681024432182312,0.029999999329447746,0.025175057351589203,0.009999999776482582,0.011124595999717712,0.009999999776482582,0.018157482147216797,0.07999999821186066,0.048625797033309937
3mm,1.0-1.0-1.0-1.0-1.0-1.0-1.0-32.0-4.0-1.0-1.0-1.0-1.0-1.0-50.0-1.0-1.0-1.0-1.0-1.0-1.0,11.626748085021973,1.4483428001403809,0.0,0.03327091783285141,0.0,0.00828675925731659,0.0,0.01829826831817627,0.0,0.03951331973075867
3mm,1.0-1.0-1.0-1.0-1.0-1.0-1.0-80.0-4.0-1.0-1.0-1.0-1.0-50.0-50.0-1.0-1.0-1.0-1.0-1.0-1.0,11.626748085021973,1.6868153810501099,0.0,0.10507132858037949,0.0,0.03250877559185028,0.0,0.14565926790237427,0.0,0.0271875262260437
3mm,1.0-1.0-1.0-1.0-1.0-1.0-3.0-1.0-1.0-1.0-1.0-1.0-1.0-100.0-1.0-1.0-1.0-1.0-1.0-1.0-1.0,11.626748085021973,1.753191590309143,0.09000000357627869,0.10055627673864365,0.03999999910593033,0.04612813889980316,0.11999999731779099,0.11392223834991455,0.029999999329447746,0.021962523460388184
3mm,8.0-1.0-1.0-2.0-2.0-1.0-16.0-1.0-1.0-1.0-1.0-1.0-50.0-100.0-100.0-1.0-1.0-1.0-1.0-1.0-1.0,11.626748085021973,2.876011371612549,0.0,0.13924559950828552,0.0,0.09761016070842743,0.0,0.17358243465423584,0.0,0.02795875072479248
3mm,1.0-1.0-1.0-1.0-1.0-1.0-2.0-4.0-10.0-1.0-1.0-1.0-1.0-1.0-1.0-1.0-1.0-1.0-1.0-1.0-1.0,11.626748085021973,1.624184012413025,0.019999999552965164,0.021430395543575287,0.0,0.011621043086051941,0.0,0.007136702537536621,0.03999999910593033,0.03453797101974487
3mm,1.0-1.0-1.0-1.0-1.0-1.0-1.0-10.0-25.0-1.0-1.0-1.0-1.0-1.0-1.0-1.0-1.0-1.0-1.0-1.0-1.0,11.626748085021973,1.5946192741394043,0.03999999910593033,0.03763016313314438,0.009999999776482582,0.010629221796989441,0.0,0.014453411102294922,0.029999999329447746,0.04050564765930176
3mm,1.0-1.0-1.0-1.0-1.0-1.0-2.0-1.0-50.0-1.0-1.0-1.0-1.0-50.0-1.0-1.0-1.0-1.0-1.0-1.0-1.0,11.626748085021973,1.249076008796692,0.0,0.0626460537314415,0.0,0.010348662734031677,0.0,0.06587624549865723,0.0,0.02981102466583252
3mm,1.0-1.0-1.0-1.0-1.0-1.0-1.0-32.0-1.0-1.0-1.0-1.0-1.0-50.0-50.0-1.0-1.0-1.0-1.0-1.0-1.0,11.626748085021973,1.2166379690170288,0.0,0.03286775201559067,0.0,0.004723355174064636,0.0,0.01920616626739502,0.0,0.036766767501831055
3mm,1.0-2.0-4.0-2.0-1.0-1.0-16.0-1.0-1.0-1.0-50.0-1.0-50.0-100.0-100.0-40.0-1.0-4.0-1.0-70.0-1.0,11.626748085021973,2.698336124420166,0.0,0.08162888139486313,0.0,0.07548986375331879,0.0,0.3758951425552368,0.0,0.037647515535354614
3mm,1.0-1.0-1.0-1.0-1.0-1.0-1.0-2.0-1.0-1.0-1.0-1.0-1.0-50.0-1.0-1.0-1.0-1.0-1.0-1.0-1.0,11.626748085021973,1.1234933137893677,0.0,0.009306453168392181,0.0,0.0037826746702194214,0.0,-0.008193004876375198,0.0,0.026792824268341064
3mm,1.0-1.0-1.0-1.0-1.0-1.0-1.0-1.0-10.0-1.0-1.0-1.0-1.0-50.0-1.0-1.0-1.0-1.0-1.0-1.0-1.0,11.626748085021973,1.0563687086105347,0.0,0.014253757894039154,0.0,0.005071923136711121,0.0,-0.026217706501483917,0.0,0.029576152563095093
3mm,1.0-1.0-1.0-2.0-1.0-1.0-5.0-1.0-1.0-1.0-1.0-1.0-50.0-100.0-100.0-1.0-1.0-1.0-1.0-1.0-1.0,11.626748085021973,2.787102222442627,0.11999999731779099,0.11732568591833115,0.05000000074505806,0.05154101550579071,0.12999999523162842,0.1129004955291748,0.029999999329447746,0.02980181574821472
3mm,1.0-1.0-1.0-1.0-1.0-1.0-1.0-5.0-16.0-1.0-1.0-1.0-1.0-50.0-50.0-1.0-1.0-1.0-1.0-1.0-1.0,11.626748085021973,1.4795671701431274,0.0,0.02693399041891098,0.0,0.010325834155082703,0.0,0.007809340953826904,0.0,0.035490214824676514
3mm,1.0-1.0-1.0-1.0-1.0-1.0-2.0-4.0-1.0-1.0-1.0-1.0-1.0-50.0-50.0-1.0-1.0-1.0-1.0-1.0-1.0,11.626748085021973,1.3420238494873047,0.0,0.015788041055202484,0.0,0.006884679198265076,0.0,-2.145764938177308e-06,0.0,0.029349952936172485
3mm,1.0-1.0-1.0-2.0-1.0-1.0-6.0-1.0-1.0-1.0-1.0-1.0-1.0-100.0-100.0-1.0-1.0-1.0-1.0-1.0-1.0,11.626748085021973,2.8161585330963135,0.11999999731779099,0.11725189536809921,0.05000000074505806,0.052722856402397156,0.12999999523162842,0.11766582727432251,0.019999999552965164,0.03475230932235718
3mm,1.0-1.0-1.0-1.0-1.0-1.0-1.0-10.0-1.0-1.0-1.0-1.0-1.0-50.0-1.0-1.0-1.0-1.0-1.0-1.0-1.0,11.626748085021973,1.2809399366378784,0.0,0.01349618285894394,0.0,0.006363198161125183,0.0,0.001034557819366455,0.0,0.026373952627182007
3mm,1.0-1.0-1.0-1.0-1.0-1.0-2.0-1.0-1.0-1.0-1.0-1.0-1.0-1.0-1.0-1.0-1.0-1.0-1.0-1.0-1.0,11.626748085021973,0.9913965463638306,0.009999999776482582,0.005683980882167816,0.0,0.0017565339803695679,0.0,-0.007758996449410915,0.029999999329447746,0.02682781219482422
3mm,1.0-1.0-1.0-1.0-1.0-1.0-1.0-2.0-25.0-100.0-1.0-1.0-1.0-1.0-1.0-1.0-1.0-1.0-1.0-1.0-1.0,11.626748085021973,1.7016195058822632,2.130000114440918,2.145493507385254,1.3799999952316284,1.3581830263137817,4.800000190734863,4.799455642700195,0.019999999552965164,0.017132073640823364
3mm,1.0-1.0-1.0-1.0-1.0-1.0-1.0-4.0-16.0-1.0-1.0-1.0-1.0-1.0-50.0-1.0-1.0-1.0-1.0-1.0-1.0,11.626748085021973,1.4595998525619507,0.0,0.02523031085729599,0.0,0.010307833552360535,0.0,0.0049866437911987305,0.0,0.03396826982498169
3mm,1.0-1.0-1.0-1.0-1.0-1.0-4.0-1.0-50.0-1.0-1.0-1.0-1.0-100.0-50.0-1.0-1.0-1.0-1.0-1.0-1.0,11.626748085021973,2.7367682456970215,0.10999999940395355,0.12195964902639389,0.05000000074505806,0.057578250765800476,0.11999999731779099,0.11225146055221558,0.019999999552965164,0.027085602283477783
3mm,1.0-1.0-1.0-1.0-1.0-1.0-1.0-80.0-2.0-1.0-1.0-1.0-1.0-1.0-50.0-1.0-1.0-1.0-1.0-1.0-1.0,11.626748085021973,1.5708625316619873,0.0,0.09885873645544052,0.0,0.02790449559688568,0.0,0.11918854713439941,0.0,0.027317345142364502
3mm,1.0-1.0-1.0-1.0-1.0-1.0-1.0-5.0-8.0-1.0-1.0-1.0-1.0-1.0-1.0-1.0-1.0-1.0-1.0-1.0-1.0,11.626748085021973,1.4743847846984863,0.009999999776482582,0.014715276658535004,0.0,0.009642884135246277,0.0,0.002333402633666992,0.03999999910593033,0.03094041347503662
3mm,1.0-1.0-1.0-16.0-1.0-1.0-16.0-1.0-32.0-1.0-1.0-1.0-1.0-100.0-1.0-1.0-1.0-1.0-1.0-1.0-1.0,11.626748085021973,2.979806900024414,0.0,0.17202457785606384,0.0,0.09983973205089569,0.0,0.1785374879837036,0.0,0.021436691284179688
3mm,1.0-1.0-1.0-1.0-1.0-1.0-1.0-10.0-10.0-1.0-1.0-1.0-1.0-1.0-1.0-1.0-1.0-1.0-1.0-1.0-1.0,11.626748085021973,1.5586795806884766,0.019999999552965164,0.022174619138240814,0.0,0.009986504912376404,0.0,0.004764676094055176,0.03999999910593033,0.032291531562805176
3mm,1.0-1.0-1.0-1.0-1.0-1.0-2.0-32.0-8.0-1.0-1.0-1.0-1.0-50.0-1.0-1.0-1.0-1.0-1.0-1.0-1.0,11.626748085021973,1.668928623199463,0.0,0.022123418748378754,0.0,0.010640010237693787,0.0,0.015357673168182373,0.0,0.0485478937625885
3mm,1.0-1.0-1.0-1.0-1.0-1.0-3.0-1.0-32.0-1.0-1.0-1.0-1.0-100.0-50.0-1.0-1.0-1.0-1.0-1.0-1.0,11.626748085021973,2.5104146003723145,0.0,0.1108449324965477,0.0,0.05328790843486786,0.0,0.10194027423858643,0.0,0.02529585361480713
3mm,1.0-2.0-4.0-2.0-1.0-2.0-16.0-1.0-1.0-50.0-50.0-1.0-50.0-100.0-100.0-40.0-1.0-1.0-1.0-70.0-1.0,11.626748085021973,2.749988317489624,0.0,0.43401235342025757,0.0,0.2366122454404831,0.0,0.7952432632446289,0.0,0.04417151212692261
3mm,1.0-2.0-4.0-2.0-2.0-1.0-16.0-1.0-1.0-1.0-1.0-100.0-50.0-100.0-1.0-1.0-1.0-1.0-1.0-1.0-1.0,11.626748085021973,2.774873733520508,0.0,3.269895315170288,0.0,1.4590625762939453,0.0,6.886739730834961,0.0,0.016935288906097412
